Hero_id,Hero_name,Affiliation,degree_centrality,closeness_centrality,betweenness_centrality,y,Ant-Man,Ant-Man and the Wasp,Ant-Man and the Wasp: Quantumania,Avengers: Age of Ultron,Avengers: Endgame,Avengers: Infinity War,Black Panther,Black Panther: Wakanda Forever,Black Widow,Captain America: Civil War,Captain America: The First Avenger,Captain America: The Winter Soldier,Captain Marvel,Doctor Strange,Doctor Strange in the Multiverse of Madness,Eternals,Guardians of the Galaxy,Guardians of the Galaxy Vol. 2,Iron Man,Iron Man 2,Iron Man 3,Marvel’s The Avengers,Shang-Chi and the Legend of the Ten Rings,Spider-Man: Far From Home,Spider-Man: Homecoming,Spider-Man: No Way Home,The Incredible Hulk,Thor,Thor: Love and Thunder,Thor: Ragnarok,Thor: The Dark World
0,Aaron Davis,Unnafiliated,-0.17069327496684633,-0.3780868326473046,-0.38189727396953366,0,0,0,0,0,0,0,0,0,0,0,0,0,0,0,0,0,0,0,0,0,0,0,0,0,1,0,0,0,0,0,0
1,Abomination,Unnafiliated,-0.4998009773598644,-0.3516387907043809,-0.28422079490580876,1,0,0,0,0,0,0,0,0,0,0,0,0,0,0,0,0,0,0,0,0,0,0,1,0,0,0,1,0,0,0,0
2,Abraham,Unnafiliated,-0.17069327496684633,-0.3780868326473046,-0.38189727396953366,0,0,0,0,0,0,0,0,0,0,0,0,0,0,0,0,0,0,0,0,0,0,0,0,0,1,0,0,0,0,0,0
3,Abraham Erskine,Unnafiliated,-0.7092331516099668,-0.4297234859644425,-0.38189727396953366,0,0,0,0,0,0,0,0,0,0,0,1,0,0,0,0,0,0,0,0,0,0,0,0,0,0,0,0,0,0,0,0
4,Agent 13,Unnafiliated,-0.5895576234670511,-0.29283293744645833,-0.38189727396953366,0,0,0,0,0,0,0,0,0,0,0,0,1,0,0,0,0,0,0,0,0,0,0,0,0,0,0,0,0,0,0,0
5,Ajak,Unnafiliated,-0.7092331516099668,3.747807710448874,-0.38189727396953366,0,0,0,0,0,0,0,0,0,0,0,0,0,0,0,0,1,0,0,0,0,0,0,0,0,0,0,0,0,0,0,0
6,Akihiko,Unnafiliated,0.7268731861050209,0.45717092438801804,-0.38189727396953366,0,0,0,0,0,1,0,0,0,0,0,0,0,0,0,0,0,0,0,0,0,0,0,0,0,0,0,0,0,0,0,0
7,Aldrich Killian,A.I.M.,-0.7092331516099668,-0.5401190896079785,-0.38189727396953366,1,0,0,0,0,0,0,0,0,0,0,0,0,0,0,0,0,0,0,0,0,1,0,0,0,0,0,0,0,0,0,0
8,Aleta Ogord,Unnafiliated,-0.3502065671812199,-0.7291417778609389,-0.38189727396953366,0,0,0,0,0,0,0,0,0,0,0,0,0,0,0,0,0,0,1,0,0,0,0,0,0,0,0,0,0,0,0,0
9,Alexander Pierce,Unnafiliated,0.996143124426581,0.5202846503642362,-0.20260713464720928,1,0,0,0,0,1,0,0,0,0,0,0,1,0,0,0,0,0,0,0,0,0,0,0,0,0,0,0,0,0,0,0
10,America Chavez,Unnafiliated,-0.5297198593955933,-0.4879320769764891,-0.38189727396953366,0,0,0,0,0,0,0,0,0,0,0,0,0,0,0,1,0,0,0,0,0,0,0,0,0,0,0,0,0,0,0,0
11,Ancient One,Unnafiliated,1.02606200646231,0.5274177786150799,0.41253822740096013,0,0,0,0,0,1,0,0,0,0,0,0,0,0,1,0,0,0,0,0,0,0,0,0,0,0,0,0,0,0,0,0
12,Aneka,Unnafiliated,-0.6793142695742378,-0.842816712501545,-0.38189727396953366,0,0,0,0,0,0,0,0,1,0,0,0,0,0,0,0,0,0,0,0,0,0,0,0,0,0,0,0,0,0,0,0
13,Annie Marie Hoag,Unnafiliated,-0.17069327496684633,-0.3780868326473046,-0.38189727396953366,0,0,0,0,0,0,0,0,0,0,0,0,0,0,0,0,0,0,0,0,0,0,0,0,0,1,0,0,0,0,0,0
14,Ant-Man,Avengers,1.8637907034627197,0.7376004240424765,2.2028110652365416,0,1,1,1,0,1,0,0,0,0,1,0,0,0,0,0,0,0,0,0,0,0,0,0,0,0,0,0,0,0,0,0
15,Anton Vanko,Unnafiliated,-0.7690709156814246,-0.38680830492338975,-0.38189727396953366,0,0,0,0,0,0,0,0,0,0,0,0,0,0,0,0,0,0,0,0,1,0,0,0,0,0,0,0,0,0,0,0
16,Arishem,Unnafiliated,-0.7092331516099668,3.747807710448874,-0.38189727396953366,1,0,0,0,0,0,0,0,0,0,0,0,0,0,0,0,1,0,0,0,0,0,0,0,0,0,0,0,0,0,0,0
17,Arnim Zola,Unnafiliated,-0.2305310390383042,-0.23664730399601464,-0.3029625603845326,0,0,0,0,0,0,0,0,0,0,0,1,1,0,0,0,0,0,0,0,0,0,0,0,0,0,0,0,0,0,0,0
18,Att-Lass,Starforce,-0.6493953875385089,-0.24140157386664593,-0.38189727396953366,0,0,0,0,0,0,0,0,0,0,0,0,0,1,0,0,0,0,0,0,0,0,0,0,0,0,0,0,0,0,0,0
19,Attuma,Unnafiliated,-0.6793142695742378,-0.842816712501545,-0.38189727396953366,0,0,0,0,0,0,0,0,1,0,0,0,0,0,0,0,0,0,0,0,0,0,0,0,0,0,0,0,0,0,0,0
20,Axl Heimdallson,Unnafiliated,-0.2305310390383042,-0.5558297727186214,-0.38189727396953366,0,0,0,0,0,0,0,0,0,0,0,0,0,0,0,0,0,0,0,0,0,0,0,0,0,0,0,0,0,1,0,0
21,Ayesha,Unnafiliated,-0.3502065671812199,-0.7291417778609389,-0.38189727396953366,1,0,0,0,0,0,0,0,0,0,0,0,0,0,0,0,0,0,1,0,0,0,0,0,0,0,0,0,0,0,0,0
22,Ayo,Dora Milaje,1.0858997705337678,0.5417578260986734,0.861484471797421,0,0,0,0,0,0,1,1,1,0,1,0,0,0,0,0,0,0,0,0,0,0,0,0,0,0,0,0,0,0,0,0
23,Bast,Unnafiliated,-0.2305310390383042,-0.5558297727186214,-0.38189727396953366,0,0,0,0,0,0,0,0,0,0,0,0,0,0,0,0,0,0,0,0,0,0,0,0,0,0,0,0,0,1,0,0
24,Bereet,Unnafiliated,-0.5895576234670511,-0.6903536899491212,-0.38189727396953366,0,0,0,0,0,0,0,0,0,0,0,0,0,0,0,0,0,1,0,0,0,0,0,0,0,0,0,0,0,0,0,0
25,Beth,Unnafiliated,-0.8588275617886114,-0.5361663058458059,-0.38189727396953366,0,0,0,0,0,0,0,0,0,0,0,0,0,0,0,0,0,0,0,0,0,0,1,0,0,0,0,0,0,0,0,0
26,Betty Brant,Unnafiliated,0.4576032477834606,-0.08234963637642491,-0.21176561694980303,0,0,0,0,0,0,0,0,0,0,0,0,0,0,0,0,0,0,0,0,0,0,0,0,1,1,1,0,0,0,0,0
27,Betty Ross,Unnafiliated,-0.978503089931527,-0.5440617897381047,-0.38189727396953366,0,0,0,0,0,0,0,0,0,0,0,0,0,0,0,0,0,0,0,0,0,0,0,0,0,0,0,1,0,0,0,0
28,Bill Foster,Unnafiliated,-0.7391520336456957,-0.8396005887655292,-0.38189727396953366,0,0,1,0,0,0,0,0,0,0,0,0,0,0,0,0,0,0,0,0,0,0,0,0,0,0,0,0,0,0,0,0
29,Billy Maximoff,Unnafiliated,-0.5297198593955933,-0.4879320769764891,-0.38189727396953366,0,0,0,0,0,0,0,0,0,0,0,0,0,0,0,1,0,0,0,0,0,0,0,0,0,0,0,0,0,0,0,0
30,Black Bolt,Unnafiliated,-0.5297198593955933,-0.4879320769764891,-0.38189727396953366,0,0,0,0,0,0,0,0,0,0,0,0,0,0,0,1,0,0,0,0,0,0,0,0,0,0,0,0,0,0,0,0
31,Black Panther,Unnafiliated,1.7740340573555329,0.7140701022345622,1.3874285760737104,0,0,0,0,0,1,1,1,1,0,1,0,0,0,0,0,0,0,0,0,0,0,0,0,0,0,0,0,0,0,0,0
32,Black Widow,Avengers,3.120383748963334,1.095978255015362,6.1125955830773,0,0,0,0,1,1,1,0,0,1,1,0,1,1,0,0,0,0,0,0,1,0,0,1,0,0,0,0,0,0,1,0
33,Blade,Unnafiliated,-0.7092331516099668,3.747807710448874,-0.38189727396953366,0,0,0,0,0,0,0,0,0,0,0,0,0,0,0,0,1,0,0,0,0,0,0,0,0,0,0,0,0,0,0,0
34,Bor,Unnafiliated,-0.5596387414313222,-0.4254831250297902,-0.38189727396953366,0,0,0,0,0,0,0,0,0,0,0,0,0,0,0,0,0,0,0,0,0,0,0,0,0,0,0,0,0,0,0,1
35,Brad Davis,Unnafiliated,-0.5596387414313222,-0.5082111990064921,-0.38189727396953366,0,0,0,0,0,0,0,0,0,0,0,0,0,0,0,0,0,0,0,0,0,0,0,0,1,0,0,0,0,0,0,0
36,Brahl,Unnafiliated,-0.3502065671812199,-0.7291417778609389,-0.38189727396953366,0,0,0,0,0,0,0,0,0,0,0,0,0,0,0,0,0,0,1,0,0,0,0,0,0,0,0,0,0,0,0,0
37,Brandt,Unnafiliated,-0.7092331516099668,-0.4297234859644425,-0.38189727396953366,0,0,0,0,0,0,0,0,0,0,0,1,0,0,0,0,0,0,0,0,0,0,0,0,0,0,0,0,0,0,0,0
38,Brock Rumlow,Unnafiliated,1.2654130627481415,0.5853775524163628,-0.10267264415643537,0,0,0,0,0,1,0,0,0,0,1,0,1,0,0,0,0,0,0,0,0,0,0,0,0,0,0,0,0,0,0,0
39,Bron-Char,Starforce,-0.6493953875385089,-0.24140157386664593,-0.38189727396953366,0,0,0,0,0,0,0,0,0,0,0,0,0,1,0,0,0,0,0,0,0,0,0,0,0,0,0,0,0,0,0,0
40,Cameron Klein,Unnafiliated,-0.5895576234670511,-0.29283293744645833,-0.38189727396953366,0,0,0,0,0,0,0,0,0,0,0,0,1,0,0,0,0,0,0,0,0,0,0,0,0,0,0,0,0,0,0,0
41,Captain America,Avengers,3.8085180357850987,1.3183197839985397,7.735407715509472,0,1,0,0,1,1,1,0,0,0,1,1,1,1,0,0,0,0,0,0,0,0,0,0,0,1,0,0,0,0,0,1
42,Peggy Carter,Guardians of the Multiverse,2.342492816034382,0.8675274549917549,3.3098967601163,0,1,0,0,1,1,0,0,0,0,0,1,1,0,0,1,0,0,0,0,0,0,0,0,0,0,0,0,0,0,0,0
43,Captain Marvel,Avengers,2.0732228777128223,0.7935082392338589,3.0832761525515253,0,0,0,0,0,1,0,0,0,0,0,0,0,1,0,1,0,0,0,0,0,0,0,1,0,0,0,0,0,0,0,0
44,Carina,Unnafiliated,-0.5596387414313222,-0.4254831250297902,-0.38189727396953366,0,0,0,0,0,0,0,0,0,0,0,0,0,0,0,0,0,0,0,0,0,0,0,0,0,0,0,0,0,0,0,1
45,Cassie Lang,Unnafiliated,1.5945207651411593,0.6677617602040662,1.7165569696557503,0,1,1,1,0,1,0,0,0,0,0,0,0,0,0,0,0,0,0,0,0,0,0,0,0,0,0,0,0,0,0,0
46,Centurion,Unnafiliated,-0.61947650550278,-0.6831896404931457,-0.38189727396953366,0,0,0,1,0,0,0,0,0,0,0,0,0,0,0,0,0,0,0,0,0,0,0,0,0,0,0,0,0,0,0,0
47,Charles,Unnafiliated,-0.17069327496684633,-0.3780868326473046,-0.38189727396953366,0,0,0,0,0,0,0,0,0,0,0,0,0,0,0,0,0,0,0,0,0,0,0,0,0,1,0,0,0,0,0,0
48,Charles Xavier,Unnafiliated,-0.5297198593955933,-0.4879320769764891,-0.38189727396953366,0,0,0,0,0,0,0,0,0,0,0,0,0,0,0,1,0,0,0,0,0,0,0,0,0,0,0,0,0,0,0,0
49,Charlie-27,Unnafiliated,-0.3502065671812199,-0.7291417778609389,-0.38189727396953366,0,0,0,0,0,0,0,0,0,0,0,0,0,0,0,0,0,0,1,0,0,0,0,0,0,0,0,0,0,0,0,0
50,Chess Roberts,Unnafiliated,-0.7690709156814246,-0.38680830492338975,-0.38189727396953366,0,0,0,0,0,0,0,0,0,0,0,0,0,0,0,0,0,0,0,0,1,0,0,0,0,0,0,0,0,0,0,0
51,Chester Phillips,Unnafiliated,-0.7092331516099668,-0.4297234859644425,-0.38189727396953366,0,0,0,0,0,0,0,0,0,0,0,1,0,0,0,0,0,0,0,0,0,0,0,0,0,0,0,0,0,0,0,0
52,Christine Everhart,Unnafiliated,-0.6493953875385089,-0.3693183443481684,-0.3728906282984901,0,0,0,0,0,0,0,0,0,0,0,0,0,0,0,0,0,0,0,1,1,0,0,0,0,0,0,0,0,0,0,0
53,Christine Palmer,Unnafiliated,-0.29036880310976204,-0.3560766218287685,-0.31639066421141165,0,0,0,0,0,0,0,0,0,0,0,0,0,0,1,1,0,0,0,0,0,0,0,0,0,0,0,0,0,0,0,0
54,Cindy,Unnafiliated,0.9363053603551231,0.47102979528976385,0.07118880993071883,0,0,0,0,0,0,1,0,0,0,0,0,0,0,0,0,0,0,0,0,0,0,0,0,0,1,0,0,0,0,0,0
55,Clea,Unnafiliated,-0.5297198593955933,-0.4879320769764891,-0.38189727396953366,0,0,0,0,0,0,0,0,0,0,0,0,0,0,0,1,0,0,0,0,0,0,0,0,0,0,0,0,0,0,0,0
56,Coach Wilson,Unnafiliated,0.21825219149762948,-0.1285719478051592,-0.27698302476715375,0,0,0,0,0,0,0,0,0,0,0,0,0,0,0,0,0,0,0,0,0,0,0,0,0,1,1,0,0,0,0,0
57,Cooper Barton,Unnafiliated,0.9363053603551231,0.5060915541523001,-0.3411830693541047,0,0,0,0,1,1,0,0,0,0,0,0,0,0,0,0,0,0,0,0,0,0,0,0,0,0,0,0,0,0,0,0
58,Corvus Glaive,Children of Thanos,1.02606200646231,0.5274177786150799,-0.3669523568890587,0,0,0,0,0,1,1,0,0,0,0,0,0,0,0,0,0,0,0,0,0,0,0,0,0,0,0,0,0,0,0,0
59,Cosmo the Spacedog,Unnafiliated,-0.08093662885965967,-0.6283259987226651,-0.34259969029864207,0,0,0,0,0,0,0,0,0,0,0,0,0,0,0,0,0,1,1,0,0,0,0,0,0,0,0,0,0,0,0,0
60,Council of Kangs,Unnafiliated,-0.61947650550278,-0.6831896404931457,-0.38189727396953366,0,0,0,1,0,0,0,0,0,0,0,0,0,0,0,0,0,0,0,0,0,0,0,0,0,0,0,0,0,0,0,0
61,Cull Obsidian,Children of Thanos,1.02606200646231,0.5274177786150799,-0.3669523568890587,0,0,0,0,0,1,1,0,0,0,0,0,0,0,0,0,0,0,0,0,0,0,0,0,0,0,0,0,0,0,0,0
62,Dale,Unnafiliated,-0.20061215700257526,-0.24140157386664593,-0.23059258395552262,0,1,0,1,0,0,0,0,0,0,0,0,0,0,0,0,0,0,0,0,0,0,0,0,0,0,0,0,0,0,0,0
63,Dane Whitman,Unnafiliated,-0.7092331516099668,3.747807710448874,-0.38189727396953366,0,0,0,0,0,0,0,0,0,0,0,0,0,0,0,0,1,0,0,0,0,0,0,0,0,0,0,0,0,0,0,0
64,Daniel Drumm,Unnafiliated,-0.7989897977171535,-0.6245957254395539,-0.38189727396953366,0,0,0,0,0,0,0,0,0,0,0,0,0,0,1,0,0,0,0,0,0,0,0,0,0,0,0,0,0,0,0,0
65,Darcy Lewis,Unnafiliated,0.21825219149762948,-0.05085100008721904,-0.2607563474060185,0,0,0,0,0,0,0,0,0,0,0,0,0,0,0,0,0,0,0,0,0,0,0,0,0,0,0,0,1,1,0,1
66,Darren Cross M.O.D.O.K.,Unnafiliated,-0.61947650550278,-0.6831896404931457,-0.38189727396953366,0,0,0,1,0,0,0,0,0,0,0,0,0,0,0,0,0,0,0,0,0,0,0,0,0,0,0,0,0,0,0,0
67,Darryl,Unnafiliated,-0.2305310390383042,-0.5558297727186214,-0.38189727396953366,0,0,0,0,0,0,0,0,0,0,0,0,0,0,0,0,0,0,0,0,0,0,0,0,0,0,0,0,0,1,0,0
68,Dave,Unnafiliated,-0.43996321328840654,-0.36050245881498216,-0.3270028250768617,0,1,1,0,0,0,0,0,0,0,0,0,0,0,0,0,0,0,0,0,0,0,0,0,0,0,0,0,0,0,0,0
69,Dean of MIT,Unnafiliated,-0.46988209532413544,-0.05085100008721904,-0.38189727396953366,0,0,0,0,0,0,0,0,0,0,1,0,0,0,0,0,0,0,0,0,0,0,0,0,0,0,0,0,0,0,0,0
70,Death Dealer,Unnafiliated,-0.6793142695742378,-0.49200894327305256,-0.38189727396953366,0,0,0,0,0,0,0,0,0,0,0,0,0,0,0,0,0,0,0,0,0,0,0,1,0,0,0,0,0,0,0,0
71,Defender Strange,Unnafiliated,-0.5297198593955933,-0.4879320769764891,-0.38189727396953366,0,0,0,0,0,0,0,0,0,0,0,0,0,0,0,1,0,0,0,0,0,0,0,0,0,0,0,0,0,0,0,0
72,Dimitri,Unnafiliated,-0.5596387414313222,-0.5082111990064921,-0.38189727396953366,0,0,0,0,0,0,0,0,0,0,0,0,0,0,0,0,0,0,0,0,0,0,0,0,1,0,0,0,0,0,0,0
73,Dionysus,Unnafiliated,-0.2305310390383042,-0.5558297727186214,-0.38189727396953366,0,0,0,0,0,0,0,0,0,0,0,0,0,0,0,0,0,0,0,0,0,0,0,0,0,0,0,0,0,1,0,0
74,Doctor Octopus,Unnafiliated,-0.5297198593955933,-0.4960752477398321,-0.38189727396953366,0,0,0,0,0,0,0,0,0,0,0,0,0,0,0,0,0,0,0,0,0,0,0,0,0,0,1,0,0,0,0,0
75,Doris Toomes,Unnafiliated,-0.17069327496684633,-0.3780868326473046,-0.38189727396953366,0,0,0,0,0,0,0,0,0,0,0,0,0,0,0,0,0,0,0,0,0,0,0,0,0,1,0,0,0,0,0,0
76,Dormammu,Unnafiliated,-0.7989897977171535,-0.6245957254395539,-0.38189727396953366,1,0,0,0,0,0,0,0,0,0,0,0,0,0,1,0,0,0,0,0,0,0,0,0,0,0,0,0,0,0,0,0
77,Drax the Destroyer,Guardians of the Galaxy,2.462168344177298,0.9012257579626816,2.037639479542357,0,0,0,0,0,1,1,0,0,0,0,0,0,0,0,0,0,1,1,0,0,0,0,0,0,0,0,0,0,1,0,0
78,Dreykov,Unnafiliated,-0.8887464438243402,-0.6903536899491212,-0.38189727396953366,1,0,0,0,0,0,0,0,0,1,0,0,0,0,0,0,0,0,0,0,0,0,0,0,0,0,0,0,0,0,0,0
79,Druig,Unnafiliated,-0.7092331516099668,3.747807710448874,-0.38189727396953366,0,0,0,0,0,0,0,0,0,0,0,0,0,0,0,0,1,0,0,0,0,0,0,0,0,0,0,0,0,0,0,0
80,E.D.I.T.H.,Unnafiliated,-0.2305310390383042,-0.288221938752839,-0.3423389237854566,0,0,0,0,0,0,0,0,0,0,0,0,0,0,0,0,0,0,0,0,0,0,0,0,1,0,1,0,0,0,0,0
81,Ebony Maw,Children of Thanos,1.02606200646231,0.5274177786150799,-0.3669523568890587,0,0,0,0,0,1,1,0,0,0,0,0,0,0,0,0,0,0,0,0,0,0,0,0,0,0,0,0,0,0,0,0
82,Ego,Unnafiliated,-0.3502065671812199,-0.7291417778609389,-0.38189727396953366,1,0,0,0,0,0,0,0,0,0,0,0,0,0,0,0,0,0,1,0,0,0,0,0,0,0,0,0,0,0,0,0
83,Eir,Unnafiliated,-0.5596387414313222,-0.4254831250297902,-0.38189727396953366,0,0,0,0,0,0,0,0,0,0,0,0,0,0,0,0,0,0,0,0,0,0,0,0,0,0,0,0,0,0,0,1
84,Eitri,Unnafiliated,0.15841442742617162,0.2978839016861353,-0.38189727396953366,0,0,0,0,0,0,1,0,0,0,0,0,0,0,0,0,0,0,0,0,0,0,0,0,0,0,0,0,0,0,0,0
85,Electro,Unnafiliated,-0.5297198593955933,-0.4960752477398321,-0.38189727396953366,0,0,0,0,0,0,0,0,0,0,0,0,0,0,0,0,0,0,0,0,0,0,0,0,0,0,1,0,0,0,0,0
86,Elihas Starr,Unnafiliated,-0.7391520336456957,-0.8396005887655292,-0.38189727396953366,0,0,1,0,0,0,0,0,0,0,0,0,0,0,0,0,0,0,0,0,0,0,0,0,0,0,0,0,0,0,0,0
87,Ellen Brandt,Unnafiliated,-0.7092331516099668,-0.5401190896079785,-0.38189727396953366,0,0,0,0,0,0,0,0,0,0,0,0,0,0,0,0,0,0,0,0,0,1,0,0,0,0,0,0,0,0,0,0
88,Eric Savin,Unnafiliated,-0.7092331516099668,-0.5401190896079785,-0.38189727396953366,0,0,0,0,0,0,0,0,0,0,0,0,0,0,0,0,0,0,0,0,0,1,0,0,0,0,0,0,0,0,0,0
89,Erik Selvig,Unnafiliated,0.696954304069292,0.3106822075275458,0.003771802920625411,0,0,0,0,1,0,0,0,0,0,0,0,0,0,0,0,0,0,0,0,0,0,0,0,0,0,0,0,1,1,0,1
90,Eugene “Flash” Thompson,Unnafiliated,0.4576032477834606,-0.08234963637642491,-0.21176561694980303,0,0,0,0,0,0,0,0,0,0,0,0,0,0,0,0,0,0,0,0,0,0,0,0,1,1,1,0,0,0,0,0
91,Everett K. Ross,Unnafiliated,0.2481710735333584,0.08094084009215884,0.09028392501994001,0,0,0,0,0,0,0,1,1,0,1,0,0,0,0,0,0,0,0,0,0,0,0,0,0,0,0,0,0,0,0,0
92,F.R.I.D.A.Y.,Unnafiliated,2.1031417597485507,0.8016120931365345,0.7110936491982877,0,0,0,0,1,1,1,0,0,0,1,0,0,0,0,0,0,0,0,0,0,0,0,0,0,1,0,0,0,0,0,0
93,Falcon,Avengers,1.5047641190339724,0.6449757650530182,-0.062064925326910686,0,0,0,0,0,1,1,0,0,0,1,0,1,0,0,0,0,0,0,0,0,0,0,0,0,0,0,0,0,0,0,0
94,Fandral,Warriors Three,0.4576032477834606,0.2537369365927288,-0.11310599007378638,0,0,0,0,0,0,0,0,0,0,0,0,0,0,0,0,0,0,0,0,0,0,0,0,0,0,0,0,1,1,1,1
95,Foster,Unnafiliated,0.21825219149762948,-0.1285719478051592,-0.27698302476715375,0,0,0,0,0,0,0,0,0,0,0,0,0,0,0,0,0,0,0,0,0,0,0,0,0,1,1,0,0,0,0,0
96,Frigga,Unnafiliated,1.6543585292126173,0.6830878127952636,0.42349241614053873,0,0,0,0,0,1,0,0,0,0,0,0,0,0,0,0,0,0,0,0,0,0,0,0,0,0,0,0,1,1,0,1
97,Gabe Jones,Howling Commandos,-0.7092331516099668,-0.4297234859644425,-0.38189727396953366,0,0,0,0,0,0,0,0,0,0,0,1,0,0,0,0,0,0,0,0,0,0,0,0,0,0,0,0,0,0,0,0
98,Gale,Unnafiliated,-0.6793142695742378,-0.39548313831029763,-0.38189727396953366,0,1,0,0,0,0,0,0,0,0,0,0,0,0,0,0,0,0,0,0,0,0,0,0,0,0,0,0,0,0,0,0
99,Gamora,Children of Thanos,1.8937095854984487,0.7455005983926928,1.3853756174906027,0,0,0,0,0,1,1,0,0,0,0,0,0,0,0,0,0,1,1,0,0,0,0,0,0,0,0,0,0,0,0,0
100,Garthan Saal,Unnafiliated,-0.5895576234670511,-0.6903536899491212,-0.38189727396953366,0,0,0,0,0,0,0,0,0,0,0,0,0,0,0,0,0,1,0,0,0,0,0,0,0,0,0,0,0,0,0,0
101,Gef the Ravager,Unnafiliated,-0.3502065671812199,-0.7291417778609389,-0.38189727396953366,0,0,0,0,0,0,0,0,0,0,0,0,0,0,0,0,0,0,1,0,0,0,0,0,0,0,0,0,0,0,0,0
102,Georges Batroc,Unnafiliated,-0.5895576234670511,-0.29283293744645833,-0.38189727396953366,0,0,0,0,0,0,0,0,0,0,0,0,1,0,0,0,0,0,0,0,0,0,0,0,0,0,0,0,0,0,0,0
103,Georgi Luchkov,Unnafiliated,-0.8588275617886114,-0.5361663058458059,-0.38189727396953366,0,0,0,0,0,0,0,0,0,0,0,0,0,0,0,0,0,0,0,0,0,0,1,0,0,0,0,0,0,0,0,0
104,Ghost,Unnafiliated,-0.7391520336456957,-0.8396005887655292,-0.38189727396953366,1,0,1,0,0,0,0,0,0,0,0,0,0,0,0,0,0,0,0,0,0,0,0,0,0,0,0,0,0,0,0,0
105,Gideon Malick,Unnafiliated,-0.8588275617886114,-0.5361663058458059,-0.38189727396953366,0,0,0,0,0,0,0,0,0,0,0,0,0,0,0,0,0,0,0,0,0,0,1,0,0,0,0,0,0,0,0,0
106,Gilgamesh,Unnafiliated,-0.7092331516099668,3.747807710448874,-0.38189727396953366,0,0,0,0,0,0,0,0,0,0,0,0,0,0,0,0,1,0,0,0,0,0,0,0,0,0,0,0,0,0,0,0
107,Gilmore Hodge,Unnafiliated,-0.7092331516099668,-0.4297234859644425,-0.38189727396953366,0,0,0,0,0,0,0,0,0,0,0,1,0,0,0,0,0,0,0,0,0,0,0,0,0,0,0,0,0,0,0,0
108,Gorr the God Butcher,Unnafiliated,-0.2305310390383042,-0.5558297727186214,-0.38189727396953366,1,0,0,0,0,0,0,0,0,0,0,0,0,0,0,0,0,0,0,0,0,0,0,0,0,0,0,0,0,1,0,0
109,Graham,Unnafiliated,-0.6793142695742378,-0.842816712501545,-0.38189727396953366,0,0,0,0,0,0,0,0,1,0,0,0,0,0,0,0,0,0,0,0,0,0,0,0,0,0,0,0,0,0,0,0
110,Grandmaster,Unnafiliated,-0.7092331516099668,-0.33825284294551267,-0.38189727396953366,1,0,0,0,0,0,0,0,0,0,0,0,0,0,0,0,0,0,0,0,0,0,0,0,0,0,0,0,0,0,1,0
111,Grandpa Quill,Unnafiliated,-0.08093662885965967,-0.6283259987226651,-0.34259969029864207,0,0,0,0,0,0,0,0,0,0,0,0,0,0,0,0,0,1,1,0,0,0,0,0,0,0,0,0,0,0,0,0
112,Green Goblin,Unnafiliated,-0.5297198593955933,-0.4960752477398321,-0.38189727396953366,1,0,0,0,0,0,0,0,0,0,0,0,0,0,0,0,0,0,0,0,0,0,0,0,0,0,1,0,0,0,0,0
113,Griot,Unnafiliated,-0.3502065671812199,-0.6903536899491212,-0.34636241749162794,0,0,0,0,0,0,0,1,1,0,0,0,0,0,0,0,0,0,0,0,0,0,0,0,0,0,0,0,0,0,0,0
114,Groot,Guardians of the Galaxy,2.462168344177298,0.9012257579626816,2.037639479542357,0,0,0,0,0,1,1,0,0,0,0,0,0,0,0,0,0,1,1,0,0,0,0,0,0,0,0,0,0,1,0,0
115,Guang Bo,Unnafiliated,-0.6793142695742378,-0.49200894327305256,-0.38189727396953366,0,0,0,0,0,0,0,0,0,0,0,0,0,0,0,0,0,0,0,0,0,0,0,1,0,0,0,0,0,0,0,0
116,Half-Nut,Unnafiliated,-0.3502065671812199,-0.7291417778609389,-0.38189727396953366,0,0,0,0,0,0,0,0,0,0,0,0,0,0,0,0,0,0,1,0,0,0,0,0,0,0,0,0,0,0,0,0
117,Hamir,Unnafiliated,-0.29036880310976204,-0.3560766218287685,-0.31639066421141165,0,0,0,0,0,0,0,0,0,0,0,0,0,0,1,1,0,0,0,0,0,0,0,0,0,0,0,0,0,0,0,0
118,Hank Pym,Unnafiliated,1.4449263549625146,0.6299188222478069,1.4486993420931233,0,0,1,1,0,1,0,0,0,0,0,0,0,0,0,0,0,0,0,0,0,0,0,0,0,0,0,0,0,0,0,0
119,Harley Keener,Unnafiliated,1.0559808884980388,0.534575461524275,0.18820419207232408,0,0,0,0,0,1,0,0,0,0,0,0,0,0,0,0,0,0,0,0,0,1,0,0,0,0,0,0,0,0,0,0
120,"Harold ""Happy"" Hogan",Unnafiliated,2.6117627543559427,0.944065283006062,2.715501451410446,0,0,0,0,0,1,0,0,0,0,0,0,0,0,0,0,0,0,0,1,1,1,0,0,1,1,1,0,0,0,0,0
121,Hawkeye,Avengers,1.6543585292126173,0.6830878127952636,1.3816784091171948,0,0,0,0,1,1,0,0,0,1,1,0,0,0,0,0,0,0,0,0,0,0,0,0,0,0,0,0,1,0,0,0
122,Hawley,Unnafiliated,-0.32028768514549094,-0.14873093510773072,-0.3145508268581608,0,0,0,0,0,0,0,0,0,0,0,0,1,0,0,0,0,0,0,0,0,0,1,0,0,0,0,0,0,0,0,0
123,Heimdall,Unnafiliated,1.6244396471768883,0.6374340159230708,0.5750813840041711,0,0,0,0,1,0,1,0,0,0,0,0,0,0,0,0,0,0,0,0,0,0,0,0,0,0,0,0,1,1,1,1
124,Heinz Kruger,Unnafiliated,-0.7092331516099668,-0.4297234859644425,-0.38189727396953366,0,0,0,0,0,0,0,0,0,0,0,1,0,0,0,0,0,0,0,0,0,0,0,0,0,0,0,0,0,0,0,0
125,Hela,Unnafiliated,-0.7092331516099668,-0.33825284294551267,-0.38189727396953366,1,0,0,0,0,0,0,0,0,0,0,0,0,0,0,0,0,0,0,0,0,0,0,0,0,0,0,0,0,0,1,0
126,Helen Cho,Unnafiliated,-0.5596387414313222,-0.09789202917314287,-0.38189727396953366,0,0,0,0,1,0,0,0,0,0,0,0,0,0,0,0,0,0,0,0,0,0,0,0,0,0,0,0,0,0,0,0
127,Helmut Zemo,Unnafiliated,-0.46988209532413544,-0.05085100008721904,-0.38189727396953366,1,0,0,0,0,0,0,0,0,0,1,0,0,0,0,0,0,0,0,0,0,0,0,0,0,0,0,0,0,0,0,0
128,Hercules,Unnafiliated,-0.2305310390383042,-0.5558297727186214,-0.38189727396953366,0,0,0,0,0,0,0,0,0,0,0,0,0,0,0,0,0,0,0,0,0,0,0,0,0,0,0,0,0,1,0,0
129,Ho Yinsen,Unnafiliated,-0.4998009773598644,-0.3824534221224457,-0.3431457431289109,0,0,0,0,0,0,0,0,0,0,0,0,0,0,0,0,0,0,0,1,0,1,0,0,0,0,0,0,0,0,0,0
130,Hogun,Warriors Three,0.4576032477834606,0.2537369365927288,-0.11310599007378638,0,0,0,0,0,0,0,0,0,0,0,0,0,0,0,0,0,0,0,0,0,0,0,0,0,0,0,0,1,1,1,1
131,Hope van Dyne,Unnafiliated,-0.6793142695742378,-0.39548313831029763,-0.38189727396953366,0,1,0,0,0,0,0,0,0,0,0,0,0,0,0,0,0,0,0,0,0,0,0,0,0,0,0,0,0,0,0,0
132,Howard Stark,Unnafiliated,2.0133851136413643,0.7773890981378272,1.7254703863598433,0,1,0,0,0,1,0,0,0,0,1,1,0,0,0,0,0,0,0,1,1,0,0,0,0,0,0,0,0,0,0,0
133,Howard the Duck,Unnafiliated,-0.08093662885965967,-0.6283259987226651,-0.34259969029864207,0,0,0,0,0,0,0,0,0,0,0,0,0,0,0,0,0,1,1,0,0,0,0,0,0,0,0,0,0,0,0,0
134,Hulk,Avengers,2.641681636391671,0.9527305505716547,3.8455052124773648,0,0,0,0,1,1,1,0,0,0,0,0,0,1,0,0,0,0,0,0,0,1,0,1,0,0,0,1,0,0,1,0
135,Ian Boothby,Unnafiliated,-0.5596387414313222,-0.4254831250297902,-0.38189727396953366,0,0,0,0,0,0,0,0,0,0,0,0,0,0,0,0,0,0,0,0,0,0,0,0,0,0,0,0,0,0,0,1
136,Ikaris,Unnafiliated,-0.7092331516099668,3.747807710448874,-0.38189727396953366,0,0,0,0,0,0,0,0,0,0,0,0,0,0,0,0,1,0,0,0,0,0,0,0,0,0,0,0,0,0,0,0
137,Immortus,Unnafiliated,-0.61947650550278,-0.6831896404931457,-0.38189727396953366,0,0,0,1,0,0,0,0,0,0,0,0,0,0,0,0,0,0,0,0,0,0,0,0,0,0,0,0,0,0,0,0
138,Ingrid,Unnafiliated,-0.8887464438243402,-0.6903536899491212,-0.38189727396953366,0,0,0,0,0,0,0,0,0,1,0,0,0,0,0,0,0,0,0,0,0,0,0,0,0,0,0,0,0,0,0,0
139,Iron Man,Avengers,3.21014039507052,1.1238397928148258,4.024440552267427,0,0,0,0,1,1,1,0,0,0,1,0,0,0,0,0,0,0,0,1,1,1,1,0,1,1,0,1,0,0,0,0
140,Ivan Vanko,Unnafiliated,-0.7690709156814246,-0.38680830492338975,-0.38189727396953366,1,0,0,0,0,0,0,0,0,0,0,0,0,0,0,0,0,0,0,0,1,0,0,0,0,0,0,0,0,0,0,0
141,J. Jonah Jameson,Unnafiliated,-0.2305310390383042,-0.288221938752839,-0.3423389237854566,0,0,0,0,0,0,0,0,0,0,0,0,0,0,0,0,0,0,0,0,0,0,0,0,1,0,1,0,0,0,0,0
142,J.A.R.V.I.S.,Unnafiliated,0.30800883760481623,0.09810017829733231,0.021172866975451586,0,0,0,0,1,0,0,0,0,0,0,0,0,0,0,0,0,0,0,1,1,1,1,0,0,0,0,0,0,0,0,0
143,Jack Rollins,Unnafiliated,0.996143124426581,0.5202846503642362,-0.20260713464720928,0,0,0,0,0,1,0,0,0,0,0,0,1,0,0,0,0,0,0,0,0,0,0,0,0,0,0,0,0,0,0,0
144,Jack Taggert,Unnafiliated,-0.7092331516099668,-0.5401190896079785,-0.38189727396953366,0,0,0,0,0,0,0,0,0,0,0,0,0,0,0,0,0,0,0,0,0,1,0,0,0,0,0,0,0,0,0,0
145,Jacques Dernier,Howling Commandos,-0.7092331516099668,-0.4297234859644425,-0.38189727396953366,0,0,0,0,0,0,0,0,0,0,0,1,0,0,0,0,0,0,0,0,0,0,0,0,0,0,0,0,0,0,0,0
146,Jademurai,Unnafiliated,-0.2305310390383042,-0.5558297727186214,-0.38189727396953366,0,0,0,0,0,0,0,0,0,0,0,0,0,0,0,0,0,0,0,0,0,0,0,0,0,0,0,0,0,1,0,0
147,James Montgomery Falsworth,Howling Commandos,-0.7092331516099668,-0.4297234859644425,-0.38189727396953366,0,0,0,0,0,0,0,0,0,0,0,1,0,0,0,0,0,0,0,0,0,0,0,0,0,0,0,0,0,0,0,0
148,Janet van Dyne,Unnafiliated,1.4449263549625146,0.6299188222478069,1.4486993420931233,0,0,1,1,0,1,0,0,0,0,0,0,0,0,0,0,0,0,0,0,0,0,0,0,0,0,0,0,0,0,0,0
149,Jason Ionello,Unnafiliated,0.18833330946190055,-0.32023400218665365,-0.33285162545512453,0,0,0,0,0,0,0,0,0,0,0,0,0,0,0,0,0,0,0,0,0,0,0,0,1,1,0,0,0,0,0,0
150,Jasper Sitwell,Unnafiliated,1.2953319447838703,0.5927363195089341,-0.05377696097591765,0,0,0,0,0,1,0,0,0,0,0,0,1,0,0,0,0,0,0,0,0,0,0,0,0,0,0,0,1,0,0,0
151,Jentorra,Unnafiliated,-0.61947650550278,-0.6831896404931457,-0.38189727396953366,0,0,0,1,0,0,0,0,0,0,0,0,0,0,0,0,0,0,0,0,0,0,0,0,0,0,0,0,0,0,0,0
152,Jim Morita,Howling Commandos,-0.7092331516099668,-0.4297234859644425,-0.38189727396953366,0,0,0,0,0,0,0,0,0,0,0,1,0,0,0,0,0,0,0,0,0,0,0,0,0,0,0,0,0,0,0,0
153,Jim Paxton,Unnafiliated,-0.43996321328840654,-0.36050245881498216,-0.3270028250768617,0,1,1,0,0,0,0,0,0,0,0,0,0,0,0,0,0,0,0,0,0,0,0,0,0,0,0,0,0,0,0,0
154,Jimmy Woo,Unnafiliated,-0.32028768514549094,-0.6468393772239247,-0.33103530517151,0,0,1,1,0,0,0,0,0,0,0,0,0,0,0,0,0,0,0,0,0,0,0,0,0,0,0,0,0,0,0,0
155,Jon Jon,Unnafiliated,-0.6793142695742378,-0.49200894327305256,-0.38189727396953366,0,0,0,0,0,0,0,0,0,0,0,0,0,0,0,0,0,0,0,0,0,0,0,1,0,0,0,0,0,0,0,0
156,Jonathan Pangborn,Unnafiliated,-0.7989897977171535,-0.6245957254395539,-0.38189727396953366,0,0,0,0,0,0,0,0,0,0,0,0,0,0,1,0,0,0,0,0,0,0,0,0,0,0,0,0,0,0,0,0
157,Julius Dell,Unnafiliated,-0.2305310390383042,-0.288221938752839,-0.3423389237854566,0,0,0,0,0,0,0,0,0,0,0,0,0,0,0,0,0,0,0,0,0,0,0,0,1,0,1,0,0,0,0,0
158,Justin Hammer,Unnafiliated,-0.7690709156814246,-0.38680830492338975,-0.38189727396953366,1,0,0,0,0,0,0,0,0,0,0,0,0,0,0,0,0,0,0,0,1,0,0,0,0,0,0,0,0,0,0,0
159,Kaecilius,Unnafiliated,-0.7989897977171535,-0.6245957254395539,-0.38189727396953366,1,0,0,0,0,0,0,0,0,0,0,0,0,0,1,0,0,0,0,0,0,0,0,0,0,0,0,0,0,0,0,0
160,Kang the Conqueror,Unnafiliated,-0.61947650550278,-0.6831896404931457,-0.38189727396953366,1,0,0,1,0,0,0,0,0,0,0,0,0,0,0,0,0,0,0,0,0,0,0,0,0,0,0,0,0,0,0,0
161,Karen,Unnafiliated,-0.17069327496684633,-0.3780868326473046,-0.38189727396953366,0,0,0,0,0,0,0,0,0,0,0,0,0,0,0,0,0,0,0,0,0,0,0,0,0,1,0,0,0,0,0,0
162,Karl Mordo,Unnafiliated,-0.29036880310976204,-0.3560766218287685,-0.31639066421141165,0,0,0,0,0,0,0,0,0,0,0,0,0,0,1,1,0,0,0,0,0,0,0,0,0,0,0,0,0,0,0,0
163,Karun Patel,Unnafiliated,-0.7092331516099668,3.747807710448874,-0.38189727396953366,0,0,0,0,0,0,0,0,0,0,0,0,0,0,0,0,1,0,0,0,0,0,0,0,0,0,0,0,0,0,0,0
164,Katy,Unnafiliated,-0.6793142695742378,-0.49200894327305256,-0.38189727396953366,0,0,0,0,0,0,0,0,0,0,0,0,0,0,0,0,0,0,0,0,0,0,0,1,0,0,0,0,0,0,0,0
165,Killmonger,Guardians of the Multiverse,-0.3502065671812199,-0.6903536899491212,-0.34636241749162794,1,0,0,0,0,0,0,1,1,0,0,0,0,0,0,0,0,0,0,0,0,0,0,0,0,0,0,0,0,0,0,0
166,Kingo,Unnafiliated,-0.7092331516099668,3.747807710448874,-0.38189727396953366,0,0,0,0,0,0,0,0,0,0,0,0,0,0,0,0,1,0,0,0,0,0,0,0,0,0,0,0,0,0,0,0
167,Korath,Starforce,-0.08093662885965967,-0.0025404979524995827,-0.08912814524847913,0,0,0,0,0,0,0,0,0,0,0,0,0,1,0,0,0,1,0,0,0,0,0,0,0,0,0,0,0,0,0,0
168,Korg,Revengers,1.4748452369982437,0.6374340159230708,0.18493198784446818,0,0,0,0,0,1,0,0,0,0,0,0,0,0,0,0,0,0,0,0,0,0,0,0,0,0,0,0,0,1,1,0
169,Kraglin Obfonteri,Unnafiliated,2.1928984058557375,0.8261027455385431,1.8134842262693565,0,0,0,0,0,1,0,0,0,0,0,0,0,0,0,0,0,1,1,0,0,0,0,0,0,0,0,0,0,1,0,0
170,Kro,Unnafiliated,-0.7092331516099668,3.747807710448874,-0.38189727396953366,0,0,0,0,0,0,0,0,0,0,0,0,0,0,0,0,1,0,0,0,0,0,0,0,0,0,0,0,0,0,0,0
171,Krylar,Unnafiliated,-0.61947650550278,-0.6831896404931457,-0.38189727396953366,0,0,0,1,0,0,0,0,0,0,0,0,0,0,0,0,0,0,0,0,0,0,0,0,0,0,0,0,0,0,0,0
172,Kurse,Unnafiliated,-0.5596387414313222,-0.4254831250297902,-0.38189727396953366,0,0,0,0,0,0,0,0,0,0,0,0,0,0,0,0,0,0,0,0,0,0,0,0,0,0,0,0,0,0,0,1
173,Kurt,Unnafiliated,-0.43996321328840654,-0.36050245881498216,-0.3270028250768617,0,1,1,0,0,0,0,0,0,0,0,0,0,0,0,0,0,0,0,0,0,0,0,0,0,0,0,0,0,0,0,0
174,Laufey,Unnafiliated,-0.7092331516099668,-0.45493193089091943,-0.38189727396953366,0,0,0,0,0,0,0,0,0,0,0,0,0,0,0,0,0,0,0,0,0,0,0,0,0,0,0,0,1,0,0,0
175,Laura Barton,Unnafiliated,0.9363053603551231,0.5060915541523001,-0.3411830693541047,0,0,0,0,1,1,0,0,0,0,0,0,0,0,0,0,0,0,0,0,0,0,0,0,0,0,0,0,0,0,0,0
176,Leonard Samson,Unnafiliated,-0.978503089931527,-0.5440617897381047,-0.38189727396953366,0,0,0,0,0,0,0,0,0,0,0,0,0,0,0,0,0,0,0,0,0,0,0,0,0,0,0,1,0,0,0,0
177,Lerato,Unnafiliated,-0.8887464438243402,-0.6903536899491212,-0.38189727396953366,0,0,0,0,0,0,0,0,0,1,0,0,0,0,0,0,0,0,0,0,0,0,0,0,0,0,0,0,0,0,0,0
178,Lila Barton,Unnafiliated,0.9363053603551231,0.5060915541523001,-0.3411830693541047,0,0,0,0,1,1,0,0,0,0,0,0,0,0,0,0,0,0,0,0,0,0,0,0,0,0,0,0,0,0,0,0
179,Linda,Unnafiliated,-0.61947650550278,-0.7221656860009249,-0.38189727396953366,0,0,0,0,0,0,0,1,0,0,0,0,0,0,0,0,0,0,0,0,0,0,0,0,0,0,0,0,0,0,0,0
180,List,Unnafiliated,-0.5895576234670511,-0.29283293744645833,-0.38189727396953366,0,0,0,0,0,0,0,0,0,0,0,0,1,0,0,0,0,0,0,0,0,0,0,0,0,0,0,0,0,0,0,0
181,Liz,Unnafiliated,-0.17069327496684633,-0.3780868326473046,-0.38189727396953366,0,0,0,0,0,0,0,0,0,0,0,0,0,0,0,0,0,0,0,0,0,0,0,0,0,1,0,0,0,0,0,0
182,Lizard,Unnafiliated,-0.5297198593955933,-0.4960752477398321,-0.38189727396953366,0,0,0,0,0,0,0,0,0,0,0,0,0,0,0,0,0,0,0,0,0,0,0,0,0,0,1,0,0,0,0,0
183,Loki,Revengers,2.462168344177298,0.9012257579626816,3.125801760027123,1,0,0,1,0,1,1,0,0,0,0,0,0,0,0,0,0,0,0,0,0,0,0,0,0,0,0,0,1,1,1,1
184,Love,Unnafiliated,-0.2305310390383042,-0.5558297727186214,-0.38189727396953366,0,0,0,0,0,0,0,0,0,0,0,0,0,0,0,0,0,0,0,0,0,0,0,0,0,0,0,0,0,1,0,0
185,Lucian Aster,Unnafiliated,-0.7989897977171535,-0.6245957254395539,-0.38189727396953366,0,0,0,0,0,0,0,0,0,0,0,0,0,0,1,0,0,0,0,0,0,0,0,0,0,0,0,0,0,0,0,0
186,Luis,Unnafiliated,-0.43996321328840654,-0.36050245881498216,-0.3270028250768617,0,1,1,0,0,0,0,0,0,0,0,0,0,0,0,0,0,0,0,0,0,0,0,0,0,0,0,0,0,0,0,0
187,M’Baku,Unnafiliated,1.6244396471768883,0.6754111512215591,1.2796188131419264,0,0,0,0,0,1,1,1,1,0,0,0,0,0,0,0,0,0,0,0,0,0,0,0,0,0,0,0,0,0,0,0
188,Mac Gargan,Unnafiliated,-0.17069327496684633,-0.3780868326473046,-0.38189727396953366,0,0,0,0,0,0,0,0,0,0,0,0,0,0,0,0,0,0,0,0,0,0,0,0,0,1,0,0,0,0,0,0
189,Maggie,Unnafiliated,-0.43996321328840654,-0.36050245881498216,-0.3270028250768617,0,1,1,0,0,0,0,0,0,0,0,0,0,0,0,0,0,0,0,0,0,0,0,0,0,0,0,0,0,0,0,0
190,Mainframe,Unnafiliated,-0.3502065671812199,-0.7291417778609389,-0.38189727396953366,0,0,0,0,0,0,0,0,0,0,0,0,0,0,0,0,0,0,1,0,0,0,0,0,0,0,0,0,0,0,0,0
191,Makkari,Unnafiliated,-0.7092331516099668,3.747807710448874,-0.38189727396953366,0,0,0,0,0,0,0,0,0,0,0,0,0,0,0,0,1,0,0,0,0,0,0,0,0,0,0,0,0,0,0,0
192,Malekith,Unnafiliated,-0.5596387414313222,-0.4254831250297902,-0.38189727396953366,1,0,0,0,0,0,0,0,0,0,0,0,0,0,0,0,0,0,0,0,0,0,0,0,0,0,0,0,0,0,0,1
193,Mantis,Guardians of the Galaxy,2.2228172878914663,0.8343265439465977,1.5806065068430204,0,0,0,0,0,1,1,0,0,0,0,0,0,0,0,0,0,0,1,0,0,0,0,0,0,0,0,0,0,1,0,0
194,Mar-Vell,Unnafiliated,-0.6493953875385089,-0.24140157386664593,-0.38189727396953366,0,0,0,0,0,0,0,0,0,0,0,0,0,1,0,0,0,0,0,0,0,0,0,0,0,0,0,0,0,0,0,0
195,Maria Hill,Unnafiliated,2.043303995677093,0.7854339614403179,0.843870609662539,0,0,0,0,1,1,1,0,0,0,0,0,1,0,0,0,0,0,0,0,0,0,1,0,1,0,0,0,0,0,0,0
196,Maria Rambeau,Unnafiliated,-0.6493953875385089,-0.24140157386664593,-0.38189727396953366,0,0,0,0,0,0,0,0,0,0,0,0,0,1,0,0,0,0,0,0,0,0,0,0,0,0,0,0,0,0,0,0
197,Maria Stark,Unnafiliated,-0.46988209532413544,-0.05085100008721904,-0.38189727396953366,0,0,0,0,0,0,0,0,0,0,1,0,0,0,0,0,0,0,0,0,0,0,0,0,0,0,0,0,0,0,0,0
198,Martinex,Unnafiliated,-0.3502065671812199,-0.7291417778609389,-0.38189727396953366,0,0,0,0,0,0,0,0,0,0,0,0,0,0,0,0,0,0,1,0,0,0,0,0,0,0,0,0,0,0,0,0
199,Matthew Ellis,Unnafiliated,-0.7092331516099668,-0.5401190896079785,-0.38189727396953366,0,0,0,0,0,0,0,0,0,0,0,0,0,0,0,0,0,0,0,0,0,1,0,0,0,0,0,0,0,0,0,0
200,May Parker,Unnafiliated,2.312573933998653,0.8591810293022943,1.4534561008881919,0,0,0,0,0,1,0,0,0,0,1,0,0,0,0,0,0,0,0,0,0,0,0,0,1,1,1,0,0,0,0,0
201,Maya Hansen,A.I.M.,-0.7092331516099668,-0.5401190896079785,-0.38189727396953366,0,0,0,0,0,0,0,0,0,0,0,0,0,0,0,0,0,0,0,0,0,1,0,0,0,0,0,0,0,0,0,0
202,Meredith Quill,Unnafiliated,-0.08093662885965967,-0.6283259987226651,-0.34259969029864207,0,0,0,0,0,0,0,0,0,0,0,0,0,0,0,0,0,1,1,0,0,0,0,0,0,0,0,0,0,0,0,0
203,Michelle “MJ”,Unnafiliated,0.4576032477834606,-0.08234963637642491,-0.21176561694980303,0,0,0,0,0,0,0,0,0,0,0,0,0,0,0,0,0,0,0,0,0,0,0,0,1,1,1,0,0,0,0,0
204,Mighty Thor,Unnafiliated,1.6543585292126173,0.6830878127952636,0.42349241614053873,0,0,0,0,0,1,0,0,0,0,0,0,0,0,0,0,0,0,0,0,0,0,0,0,0,0,0,0,1,1,0,1
205,Minerva,Unnafiliated,-0.2305310390383042,-0.5558297727186214,-0.38189727396953366,0,0,0,0,0,0,0,0,0,0,0,0,0,0,0,0,0,0,0,0,0,0,0,0,0,0,0,0,0,1,0,0
206,Minn-Erva,Starforce,-0.6493953875385089,-0.24140157386664593,-0.38189727396953366,0,0,0,0,0,0,0,0,0,0,0,0,0,1,0,0,0,0,0,0,0,0,0,0,0,0,0,0,0,0,0,0
207,Miriam Sharpe,Unnafiliated,-0.46988209532413544,-0.05085100008721904,-0.38189727396953366,0,0,0,0,0,0,0,0,0,0,1,0,0,0,0,0,0,0,0,0,0,0,0,0,0,0,0,0,0,0,0,0
208,Mitchell Carson,Unnafiliated,-0.6793142695742378,-0.39548313831029763,-0.38189727396953366,0,1,0,0,0,0,0,0,0,0,0,0,0,0,0,0,0,0,0,0,0,0,0,0,0,0,0,0,0,0,0,0
209,Mobius M. Mobius,Unnafiliated,-0.61947650550278,-0.6831896404931457,-0.38189727396953366,0,0,0,1,0,0,0,0,0,0,0,0,0,0,0,0,0,0,0,0,0,0,0,0,0,0,0,0,0,0,0,0
210,Monica Rambeau,Unnafiliated,-0.6493953875385089,-0.24140157386664593,-0.38189727396953366,0,0,0,0,0,0,0,0,0,0,0,0,0,1,0,0,0,0,0,0,0,0,0,0,0,0,0,0,0,0,0,0
211,Morgan Stark,Unnafiliated,0.7268731861050209,0.45717092438801804,-0.38189727396953366,0,0,0,0,0,1,0,0,0,0,0,0,0,0,0,0,0,0,0,0,0,0,0,0,0,0,0,0,0,0,0,0
212,Mr. Cobbwell,Unnafiliated,-0.17069327496684633,-0.3780868326473046,-0.38189727396953366,0,0,0,0,0,0,0,0,0,0,0,0,0,0,0,0,0,0,0,0,0,0,0,0,0,1,0,0,0,0,0,0
213,Mr. Delmar,Unnafiliated,-0.17069327496684633,-0.3780868326473046,-0.38189727396953366,0,0,0,0,0,0,0,0,0,0,0,0,0,0,0,0,0,0,0,0,0,0,0,0,0,1,0,0,0,0,0,0
214,Mr. Hapgood,Unnafiliated,-0.17069327496684633,-0.3780868326473046,-0.38189727396953366,0,0,0,0,0,0,0,0,0,0,0,0,0,0,0,0,0,0,0,0,0,0,0,0,0,1,0,0,0,0,0,0
215,Mrs. Chen,Unnafiliated,-0.6793142695742378,-0.49200894327305256,-0.38189727396953366,0,0,0,0,0,0,0,0,0,0,0,0,0,0,0,0,0,0,0,0,0,0,0,1,0,0,0,0,0,0,0,0
216,Ms. Warren,Unnafiliated,-0.17069327496684633,-0.3780868326473046,-0.38189727396953366,0,0,0,0,0,0,0,0,0,0,0,0,0,0,0,0,0,0,0,0,0,0,0,0,0,1,0,0,0,0,0,0
217,Mysterio,Unnafiliated,-0.2305310390383042,-0.288221938752839,-0.3423389237854566,1,0,0,0,0,0,0,0,0,0,0,0,0,0,0,0,0,0,0,0,0,0,0,0,1,0,1,0,0,0,0,0
218,N’Jobu,Unnafiliated,-0.61947650550278,-0.7221656860009249,-0.38189727396953366,0,0,0,0,0,0,0,1,0,0,0,0,0,0,0,0,0,0,0,0,0,0,0,0,0,0,0,0,0,0,0,0
219,Nakia,Unnafiliated,-0.3502065671812199,-0.6903536899491212,-0.34636241749162794,0,0,0,0,0,0,0,1,1,0,0,0,0,0,0,0,0,0,0,0,0,0,0,0,0,0,0,0,0,0,0,0
220,Namor,Unnafiliated,-0.6793142695742378,-0.842816712501545,-0.38189727396953366,1,0,0,0,0,0,0,0,1,0,0,0,0,0,0,0,0,0,0,0,0,0,0,0,0,0,0,0,0,0,0,0
221,Namora,Unnafiliated,-0.6793142695742378,-0.842816712501545,-0.38189727396953366,0,0,0,0,0,0,0,0,1,0,0,0,0,0,0,0,0,0,0,0,0,0,0,0,0,0,0,0,0,0,0,0
222,Narblik,Unnafiliated,-0.3502065671812199,-0.7291417778609389,-0.38189727396953366,0,0,0,0,0,0,0,0,0,0,0,0,0,0,0,0,0,0,1,0,0,0,0,0,0,0,0,0,0,0,0,0
223,Nathaniel Barton,Unnafiliated,0.7268731861050209,0.45717092438801804,-0.38189727396953366,0,0,0,0,0,1,0,0,0,0,0,0,0,0,0,0,0,0,0,0,0,0,0,0,0,0,0,0,0,0,0,0
224,Nebula,Children of Thanos,2.462168344177298,0.9012257579626816,2.037639479542357,0,0,0,0,0,1,1,0,0,0,0,0,0,0,0,0,0,1,1,0,0,0,0,0,0,0,0,0,0,1,0,0
225,Ned Leeds,Unnafiliated,2.252736169927195,0.8425807445668815,1.2936876115417772,0,0,0,0,0,1,1,0,0,0,0,0,0,0,0,0,0,0,0,0,0,0,0,0,1,1,1,0,0,0,0,0
226,Nick Fury,Unnafiliated,3.060545984891876,1.0775845809039128,3.675975616384576,0,0,0,0,1,1,1,0,0,0,0,1,1,1,0,0,0,0,0,1,1,0,1,0,1,0,0,0,1,0,0,0
227,Nicodemus West,Unnafiliated,-0.29036880310976204,-0.3560766218287685,-0.31639066421141165,0,0,0,0,0,0,0,0,0,0,0,0,0,0,1,1,0,0,0,0,0,0,0,0,0,0,0,0,0,0,0,0
228,Nomble,Unnafiliated,0.5174410118549184,0.37594509161950806,-0.05809218171463925,0,0,0,0,0,0,1,1,0,0,0,0,0,0,0,0,0,0,0,0,0,0,0,0,0,0,0,0,0,0,0,0
229,Nova Prime,Unnafiliated,-0.5895576234670511,-0.6903536899491212,-0.38189727396953366,0,0,0,0,0,0,0,0,0,0,0,0,0,0,0,0,0,1,0,0,0,0,0,0,0,0,0,0,0,0,0,0
230,Obadiah Stane,Unnafiliated,-0.32028768514549094,-0.4297234859644425,-0.3520893459369484,1,0,0,0,0,0,0,0,0,0,0,0,0,0,0,0,0,0,0,1,0,0,0,0,1,0,0,0,0,0,0,0
231,Oblo,Unnafiliated,-0.3502065671812199,-0.7291417778609389,-0.38189727396953366,0,0,0,0,0,0,0,0,0,0,0,0,0,0,0,0,0,0,1,0,0,0,0,0,0,0,0,0,0,0,0,0
232,Odin,Unnafiliated,0.4576032477834606,0.2537369365927288,-0.11310599007378638,0,0,0,0,0,0,0,0,0,0,0,0,0,0,0,0,0,0,0,0,0,0,0,0,0,0,0,0,1,1,1,1
233,Okoye,Dora Milaje,1.6244396471768883,0.6754111512215591,1.2796188131419264,0,0,0,0,0,1,1,1,1,0,0,0,0,0,0,0,0,0,0,0,0,0,0,0,0,0,0,0,0,0,0,0
234,Oksana,Unnafiliated,-0.8887464438243402,-0.6903536899491212,-0.38189727396953366,0,0,0,0,0,0,0,0,0,1,0,0,0,0,0,0,0,0,0,0,0,0,0,0,0,0,0,0,0,0,0,0
235,P. Cleary,Unnafiliated,-0.5297198593955933,-0.4960752477398321,-0.38189727396953366,0,0,0,0,0,0,0,0,0,0,0,0,0,0,0,0,0,0,0,0,0,0,0,0,0,0,1,0,0,0,0,0
236,Phastos,Unnafiliated,-0.7092331516099668,3.747807710448874,-0.38189727396953366,0,0,0,0,0,0,0,0,0,0,0,0,0,0,0,0,1,0,0,0,0,0,0,0,0,0,0,0,0,0,0,0
237,Phil Coulson,Unnafiliated,0.4576032477834606,0.1564616207061632,0.1510198827159081,0,0,0,0,0,0,0,0,0,0,0,0,0,1,0,0,0,0,0,1,1,0,1,0,0,0,0,0,1,0,0,0
238,Pietro Maximoff,Avengers,-0.5895576234670511,-0.29283293744645833,-0.38189727396953366,0,0,0,0,0,0,0,0,0,0,0,0,1,0,0,0,0,0,0,0,0,0,0,0,0,0,0,0,0,0,0,0
239,Pip the Troll,Unnafiliated,-0.7092331516099668,3.747807710448874,-0.38189727396953366,0,0,0,0,0,0,0,0,0,0,0,0,0,0,0,0,1,0,0,0,0,0,0,0,0,0,0,0,0,0,0,0
240,Principal Morita,Unnafiliated,-0.17069327496684633,-0.3780868326473046,-0.38189727396953366,0,0,0,0,0,0,0,0,0,0,0,0,0,0,0,0,0,0,0,0,0,0,0,0,0,1,0,0,0,0,0,0
241,Proxima Midnight,Children of Thanos,1.02606200646231,0.5274177786150799,-0.3669523568890587,0,0,0,0,0,1,1,0,0,0,0,0,0,0,0,0,0,0,0,0,0,0,0,0,0,0,0,0,0,0,0,0
242,Quaz,Unnafiliated,-0.61947650550278,-0.6831896404931457,-0.38189727396953366,0,0,0,1,0,0,0,0,0,0,0,0,0,0,0,0,0,0,0,0,0,0,0,0,0,0,0,0,0,0,0,0
243,Rama-Tut,Unnafiliated,-0.61947650550278,-0.6831896404931457,-0.38189727396953366,0,0,0,1,0,0,0,0,0,0,0,0,0,0,0,0,0,0,0,0,0,0,0,0,0,0,0,0,0,0,0,0
244,Ramonda,Unnafiliated,1.4150074729267859,0.6224300440160406,1.1615119398169946,0,0,0,0,0,1,0,1,1,0,0,0,0,0,0,0,0,0,0,0,0,0,0,0,0,0,0,0,0,0,0,0
245,Rapu,Unnafiliated,-0.2305310390383042,-0.5558297727186214,-0.38189727396953366,0,0,0,0,0,0,0,0,0,0,0,0,0,0,0,0,0,0,0,0,0,0,0,0,0,0,0,0,0,1,0,0
246,Raza,Unnafiliated,-0.8289086797528825,-0.5001310313671122,-0.38189727396953366,0,0,0,0,0,0,0,0,0,0,0,0,0,0,0,0,0,0,0,1,0,0,0,0,0,0,0,0,0,0,0,0
247,Razor Fist,Unnafiliated,-0.6793142695742378,-0.49200894327305256,-0.38189727396953366,0,0,0,0,0,0,0,0,0,0,0,0,0,0,0,0,0,0,0,0,0,0,0,1,0,0,0,0,0,0,0,0
248,Red Guardian,Unnafiliated,-0.8887464438243402,-0.6903536899491212,-0.38189727396953366,0,0,0,0,0,0,0,0,0,1,0,0,0,0,0,0,0,0,0,0,0,0,0,0,0,0,0,0,0,0,0,0
249,Red Skull,Unnafiliated,1.3551697088553283,0.6075311787423348,0.2501704565404753,1,0,0,0,0,1,1,0,0,0,0,1,0,0,0,0,0,0,0,0,0,0,0,0,0,0,0,0,0,0,0,0
250,Reed Richards,Unnafiliated,-0.5297198593955933,-0.4879320769764891,-0.38189727396953366,0,0,0,0,0,0,0,0,0,0,0,0,0,0,0,1,0,0,0,0,0,0,0,0,0,0,0,0,0,0,0,0
251,Retch,Unnafiliated,-0.3502065671812199,-0.7291417778609389,-0.38189727396953366,0,0,0,0,0,0,0,0,0,0,0,0,0,0,0,0,0,0,1,0,0,0,0,0,0,0,0,0,0,0,0,0
252,Rhomann Dey,Unnafiliated,-0.5895576234670511,-0.6903536899491212,-0.38189727396953366,0,0,0,0,0,0,0,0,0,0,0,0,0,0,0,0,0,1,0,0,0,0,0,0,0,0,0,0,0,0,0,0
253,Richard,Unnafiliated,-0.5596387414313222,-0.4254831250297902,-0.38189727396953366,0,0,0,0,0,0,0,0,0,0,0,0,0,0,0,0,0,0,0,0,0,0,0,0,0,0,0,0,0,0,0,1
254,Rick Mason,Unnafiliated,-0.8887464438243402,-0.6903536899491212,-0.38189727396953366,0,0,0,0,0,0,0,0,0,1,0,0,0,0,0,0,0,0,0,0,0,0,0,0,0,0,0,0,0,0,0,0
255,Rintrah,Unnafiliated,-0.5297198593955933,-0.4879320769764891,-0.38189727396953366,0,0,0,0,0,0,0,0,0,0,0,0,0,0,0,1,0,0,0,0,0,0,0,0,0,0,0,0,0,0,0,0
256,Riri Williams,Unnafiliated,-0.6793142695742378,-0.842816712501545,-0.38189727396953366,0,0,0,0,0,0,0,0,1,0,0,0,0,0,0,0,0,0,0,0,0,0,0,0,0,0,0,0,0,0,0,0
257,Rocket,Guardians of the Galaxy,2.462168344177298,0.9012257579626816,2.037639479542357,0,0,0,0,0,1,1,0,0,0,0,0,0,0,0,0,0,1,1,0,0,0,0,0,0,0,0,0,0,1,0,0
258,Rodriguez,Unnafiliated,-0.7092331516099668,-0.5401190896079785,-0.38189727396953366,0,0,0,0,0,0,0,0,0,0,0,0,0,0,0,0,0,0,0,0,0,1,0,0,0,0,0,0,0,0,0,0
259,Roger Harrington,Unnafiliated,0.6371165399978341,-0.007972616955006251,0.08429615463423201,0,0,0,0,0,0,0,0,0,0,0,0,0,0,0,0,0,0,0,0,0,0,0,0,1,1,1,1,0,0,0,0
260,Ronan the Accuser,Unnafiliated,-0.08093662885965967,-0.0025404979524995827,-0.08912814524847913,1,0,0,0,0,0,0,0,0,0,0,0,0,1,0,0,0,1,0,0,0,0,0,0,0,0,0,0,0,0,0,0
261,Ruihua,Unnafiliated,-0.6793142695742378,-0.49200894327305256,-0.38189727396953366,0,0,0,0,0,0,0,0,0,0,0,0,0,0,0,0,0,0,0,0,0,0,0,1,0,0,0,0,0,0,0,0
262,Sally,Unnafiliated,0.9363053603551231,0.47102979528976385,0.07118880993071883,0,0,0,0,0,0,1,0,0,0,0,0,0,0,0,0,0,0,0,0,0,0,0,0,0,1,0,0,0,0,0,0
263,Samuel Sterns,Unnafiliated,-0.978503089931527,-0.5440617897381047,-0.38189727396953366,0,0,0,0,0,0,0,0,0,0,0,0,0,0,0,0,0,0,0,0,0,0,0,0,0,0,0,1,0,0,0,0
264,Sandman,Unnafiliated,-0.5297198593955933,-0.4960752477398321,-0.38189727396953366,0,0,0,0,0,0,0,0,0,0,0,0,0,0,0,0,0,0,0,0,0,0,0,0,0,0,1,0,0,0,0,0
265,Sara,Unnafiliated,-0.5297198593955933,-0.4879320769764891,-0.38189727396953366,0,0,0,0,0,0,0,0,0,0,0,0,0,0,0,1,0,0,0,0,0,0,0,0,0,0,0,0,0,0,0,0
266,Scarlet Witch,Unnafiliated,2.043303995677093,0.7854339614403179,1.6363236995648902,0,0,0,0,0,1,1,0,0,0,1,0,1,0,0,1,0,0,0,0,0,0,0,0,0,0,0,0,0,0,0,0
267,Scott Lang,Unnafiliated,-0.6793142695742378,-0.39548313831029763,-0.38189727396953366,0,1,0,0,0,0,0,0,0,0,0,0,0,0,0,0,0,0,0,0,0,0,0,0,0,0,0,0,0,0,0,0
268,Scrote,Unnafiliated,-0.3502065671812199,-0.7291417778609389,-0.38189727396953366,0,0,0,0,0,0,0,0,0,0,0,0,0,0,0,0,0,0,1,0,0,0,0,0,0,0,0,0,0,0,0,0
269,Sersi,Unnafiliated,-0.7092331516099668,3.747807710448874,-0.38189727396953366,0,0,0,0,0,0,0,0,0,0,0,0,0,0,0,0,1,0,0,0,0,0,0,0,0,0,0,0,0,0,0,0
270,Seymour,Unnafiliated,-0.17069327496684633,-0.3780868326473046,-0.38189727396953366,0,0,0,0,0,0,0,0,0,0,0,0,0,0,0,0,0,0,0,0,0,0,0,0,0,1,0,0,0,0,0,0
271,Sharon Carter,Unnafiliated,-0.46988209532413544,-0.05085100008721904,-0.38189727396953366,0,0,0,0,0,0,0,0,0,0,1,0,0,0,0,0,0,0,0,0,0,0,0,0,0,0,0,0,0,0,0,0
272,Shaun,Unnafiliated,-0.6793142695742378,-0.49200894327305256,-0.38189727396953366,0,0,0,0,0,0,0,0,0,0,0,0,0,0,0,0,0,0,0,0,0,0,0,1,0,0,0,0,0,0,0,0
273,Shocker,Unnafiliated,-0.17069327496684633,-0.3780868326473046,-0.38189727396953366,0,0,0,0,0,0,0,0,0,0,0,0,0,0,0,0,0,0,0,0,0,0,0,0,0,1,0,0,0,0,0,0
274,Shuri,Unnafiliated,1.3551697088553283,0.6075311787423348,0.15201293097926608,0,0,0,0,0,1,1,1,0,0,0,0,0,0,0,0,0,0,0,0,0,0,0,0,0,0,0,0,0,0,0,0
275,Sif,Unnafiliated,0.21825219149762948,-0.05085100008721904,-0.2607563474060185,0,0,0,0,0,0,0,0,0,0,0,0,0,0,0,0,0,0,0,0,0,0,0,0,0,0,0,0,1,1,0,1
276,Sinister Strange,Unnafiliated,-0.5297198593955933,-0.4879320769764891,-0.38189727396953366,0,0,0,0,0,0,0,0,0,0,0,0,0,0,0,1,0,0,0,0,0,0,0,0,0,0,0,0,0,0,0,0
277,Skurge,Unnafiliated,-0.7092331516099668,-0.33825284294551267,-0.38189727396953366,0,0,0,0,0,0,0,0,0,0,0,0,0,0,0,0,0,0,0,0,0,0,0,0,0,0,0,0,0,0,1,0
278,Smitty,Unnafiliated,-0.6793142695742378,-0.842816712501545,-0.38189727396953366,0,0,0,0,0,0,0,0,1,0,0,0,0,0,0,0,0,0,0,0,0,0,0,0,0,0,0,0,0,0,0,0
279,Sonny Burch,Unnafiliated,-0.7391520336456957,-0.8396005887655292,-0.38189727396953366,0,0,1,0,0,0,0,0,0,0,0,0,0,0,0,0,0,0,0,0,0,0,0,0,0,0,0,0,0,0,0,0
280,Soren,Unnafiliated,-0.08093662885965967,-0.1132988778466337,-0.23786844257790024,0,0,0,0,0,0,0,0,0,0,0,0,0,1,0,0,0,0,0,0,0,0,0,0,1,0,0,0,0,0,0,0
281,Spider-Man,Unnafiliated,2.462168344177298,0.9012257579626816,1.5592979790803623,0,0,0,0,0,1,1,0,0,0,1,0,0,0,0,0,0,0,0,0,0,0,0,0,1,1,1,0,0,0,0,0
282,Sprite,Unnafiliated,-0.7092331516099668,3.747807710448874,-0.38189727396953366,0,0,0,0,0,0,0,0,0,0,0,0,0,0,0,0,1,0,0,0,0,0,0,0,0,0,0,0,0,0,0,0
283,Stakar Ogord,Unnafiliated,-0.3502065671812199,-0.7291417778609389,-0.38189727396953366,0,0,0,0,0,0,0,0,0,0,0,0,0,0,0,0,0,0,1,0,0,0,0,0,0,0,0,0,0,0,0,0
284,Star-Lord,Guardians of the Galaxy,2.462168344177298,0.9012257579626816,2.037639479542357,0,0,0,0,0,1,1,0,0,0,0,0,0,0,0,0,0,1,1,0,0,0,0,0,0,0,0,0,0,1,0,0
285,Starfox,Unnafiliated,-0.7092331516099668,3.747807710448874,-0.38189727396953366,0,0,0,0,0,0,0,0,0,0,0,0,0,0,0,0,1,0,0,0,0,0,0,0,0,0,0,0,0,0,0,0
286,Stephen Strange,Unnafiliated,2.5220061082487555,0.9182649374724166,3.753509464945143,0,0,0,0,0,1,1,0,0,0,0,0,0,0,1,1,0,0,0,0,0,0,0,0,0,0,1,0,0,0,1,0
287,Stern,Unnafiliated,-0.2305310390383042,-0.14873093510773072,-0.3162602884074905,0,0,0,0,0,0,0,0,0,0,0,0,1,0,0,0,0,0,0,0,1,0,0,0,0,0,0,0,0,0,0,0
288,Supreme Intelligence,Unnafiliated,-0.6493953875385089,-0.24140157386664593,-0.38189727396953366,0,0,0,0,0,0,0,0,0,0,0,0,0,1,0,0,0,0,0,0,0,0,0,0,0,0,0,0,0,0,0,0
289,Supreme Strange,Unnafiliated,-0.5297198593955933,-0.4879320769764891,-0.38189727396953366,0,0,0,0,0,0,0,0,0,0,0,0,0,0,0,1,0,0,0,0,0,0,0,0,0,0,0,0,0,0,0,0
290,Surtur,Unnafiliated,-0.7092331516099668,-0.33825284294551267,-0.38189727396953366,0,0,0,0,0,0,0,0,0,0,0,0,0,0,0,0,0,0,0,0,0,0,0,0,0,0,0,0,0,0,1,0
291,T’Chaka,Guardians of the Multiverse,-0.021098864788201818,0.030397373397042175,-0.24780243865594753,0,0,0,0,0,0,0,1,0,0,1,0,0,0,0,0,0,0,0,0,0,0,0,0,0,0,0,0,0,0,0,0
292,T’Challa,Guardians of the Multiverse,-0.6793142695742378,-0.842816712501545,-0.38189727396953366,0,0,0,0,0,0,0,0,1,0,0,0,0,0,0,0,0,0,0,0,0,0,0,0,0,0,0,0,0,0,0,0
293,Talos,Unnafiliated,-0.08093662885965967,-0.1132988778466337,-0.23786844257790024,0,0,0,0,0,0,0,0,0,0,0,0,0,1,0,0,0,0,0,0,0,0,0,0,1,0,0,0,0,0,0,0
294,Taserface,Unnafiliated,-0.3502065671812199,-0.7291417778609389,-0.38189727396953366,0,0,0,0,0,0,0,0,0,0,0,0,0,0,0,0,0,0,1,0,0,0,0,0,0,0,0,0,0,0,0,0
295,Taskmaster,Unnafiliated,-0.8887464438243402,-0.6903536899491212,-0.38189727396953366,1,0,0,0,0,0,0,0,0,1,0,0,0,0,0,0,0,0,0,0,0,0,0,0,0,0,0,0,0,0,0,0
296,"Thaddeus ""Thunderbolt"" Ross",Unnafiliated,1.6244396471768883,0.6754111512215591,1.6573800714641347,1,0,0,0,0,1,1,0,0,1,1,0,0,0,0,0,0,0,0,0,0,0,0,0,0,0,0,1,0,0,0,0
297,Thanos,Unnafiliated,1.714196293284075,0.6985235330257549,0.7182935380802199,1,0,0,0,1,1,1,0,0,0,0,0,0,0,0,0,0,1,0,0,0,0,1,0,0,0,0,0,0,0,0,0
298,The Broker,Unnafiliated,-0.5895576234670511,-0.6903536899491212,-0.38189727396953366,0,0,0,0,0,0,0,0,0,0,0,0,0,0,0,0,0,1,0,0,0,0,0,0,0,0,0,0,0,0,0,0
299,The Collector,Unnafiliated,0.6670354220335631,0.4093936816299131,-0.09699025545703516,0,0,0,0,0,0,1,0,0,0,0,0,0,0,0,0,0,0,0,0,0,0,0,0,0,0,0,0,0,0,0,1
300,The Other,Unnafiliated,-0.29036880310976204,-0.33825284294551267,-0.221633174186021,0,0,0,0,0,0,0,0,0,0,0,0,0,0,0,0,0,1,0,0,0,0,1,0,0,0,0,0,0,0,0,0
301,Thena,Unnafiliated,-0.7092331516099668,3.747807710448874,-0.38189727396953366,0,0,0,0,0,0,0,0,0,0,0,0,0,0,0,0,1,0,0,0,0,0,0,0,0,0,0,0,0,0,0,0
302,Thor,Avengers,2.462168344177298,0.9012257579626816,2.499677910839544,0,0,0,0,1,1,1,0,0,0,0,0,0,0,1,0,0,0,0,0,0,0,0,0,0,0,0,0,1,1,1,1
303,"Timothy ""Dum Dum""Dugan",Howling Commandos,-0.7092331516099668,-0.4297234859644425,-0.38189727396953366,0,0,0,0,0,0,0,0,0,0,0,1,0,0,0,0,0,0,0,0,0,0,0,0,0,0,0,0,0,0,0,0
304,Tina Minoru,Unnafiliated,-0.7989897977171535,-0.6245957254395539,-0.38189727396953366,0,0,0,0,0,0,0,0,0,0,0,0,0,0,1,0,0,0,0,0,0,0,0,0,0,0,0,0,0,0,0,0
305,Tinkerer,Unnafiliated,-0.17069327496684633,-0.3780868326473046,-0.38189727396953366,0,0,0,0,0,0,0,0,0,0,0,0,0,0,0,0,0,0,0,0,0,0,0,0,0,1,0,0,0,0,0,0
306,Tiny,Unnafiliated,0.9363053603551231,0.47102979528976385,0.07118880993071883,0,0,0,0,0,0,1,0,0,0,0,0,0,0,0,0,0,0,0,0,0,0,0,0,0,1,0,0,0,0,0,0
307,Tommy Maximoff,Unnafiliated,-0.5297198593955933,-0.4879320769764891,-0.38189727396953366,0,0,0,0,0,0,0,0,0,0,0,0,0,0,0,1,0,0,0,0,0,0,0,0,0,0,0,0,0,0,0,0
308,Topaz,Unnafiliated,-0.7092331516099668,-0.33825284294551267,-0.38189727396953366,0,0,0,0,0,0,0,0,0,0,0,0,0,0,0,0,0,0,0,0,0,0,0,0,0,0,0,0,0,0,1,0
309,Toussaint T’Challa,Unnafiliated,-0.6793142695742378,-0.842816712501545,-0.38189727396953366,0,0,0,0,0,0,0,0,1,0,0,0,0,0,0,0,0,0,0,0,0,0,0,0,0,0,0,0,0,0,0,0
310,Trevor Slattery,A.I.M.,-0.2305310390383042,-0.3111504301991636,-0.1526423958890447,1,0,0,0,0,0,0,0,0,0,0,0,0,0,0,0,0,0,0,0,0,1,0,1,0,0,0,0,0,0,0,0
311,Tullk,Unnafiliated,-0.3502065671812199,-0.7291417778609389,-0.38189727396953366,0,0,0,0,0,0,0,0,0,0,0,0,0,0,0,0,0,0,1,0,0,0,0,0,0,0,0,0,0,0,0,0
312,Tyr,Unnafiliated,-0.5596387414313222,-0.4254831250297902,-0.38189727396953366,0,0,0,0,0,0,0,0,0,0,0,0,0,0,0,0,0,0,0,0,0,0,0,0,0,0,0,0,0,0,0,1
313,Ultron,Unnafiliated,0.06865778131898496,0.052690179272378776,-0.031947631369316394,1,0,0,0,1,0,0,0,0,0,0,0,0,0,0,1,0,0,0,0,0,0,0,0,0,0,0,0,0,0,0,0
314,Ulysses Klaue,Unnafiliated,0.00882001724752711,0.052690179272378776,-0.15141434963375908,1,0,0,0,1,0,0,1,0,0,0,0,0,0,0,0,0,0,0,0,0,0,0,0,0,0,0,0,0,0,0,0
315,Ursa,Unnafiliated,-0.8887464438243402,-0.6903536899491212,-0.38189727396953366,0,0,0,0,0,0,0,0,0,1,0,0,0,0,0,0,0,0,0,0,0,0,0,0,0,0,0,0,0,0,0,0
316,Uzman,Unnafiliated,-0.7391520336456957,-0.8396005887655292,-0.38189727396953366,0,0,1,0,0,0,0,0,0,0,0,0,0,0,0,0,0,0,0,0,0,0,0,0,0,0,0,0,0,0,0,0
317,Valkyrie,Revengers,1.4748452369982437,0.6374340159230708,0.18493198784446818,0,0,0,0,0,1,0,0,0,0,0,0,0,0,0,0,0,0,0,0,0,0,0,0,0,0,0,0,0,1,1,0
318,Veb,Unnafiliated,-0.61947650550278,-0.6831896404931457,-0.38189727396953366,0,0,0,1,0,0,0,0,0,0,0,0,0,0,0,0,0,0,0,0,0,0,0,0,0,0,0,0,0,0,0,0
319,Venom,Unnafiliated,-0.5297198593955933,-0.4960752477398321,-0.38189727396953366,0,0,0,0,0,0,0,0,0,0,0,0,0,0,0,0,0,0,0,0,0,0,0,0,0,0,1,0,0,0,0,0
320,Victor Timely,Unnafiliated,-0.61947650550278,-0.6831896404931457,-0.38189727396953366,0,0,0,1,0,0,0,0,0,0,0,0,0,0,0,0,0,0,0,0,0,0,0,0,0,0,0,0,0,0,0,0
321,"Virginia ""Pepper"" Potts",Unnafiliated,2.5220061082487555,0.9182649374724166,2.1921184144733075,0,0,0,0,0,1,1,0,0,0,0,0,0,0,0,0,0,0,0,1,1,1,1,0,0,1,0,0,0,0,0,0
322,Vision,Avengers,0.7867109501764789,0.47102979528976385,-0.2867334667580743,0,0,0,0,1,0,1,0,0,0,1,0,0,0,0,0,0,0,0,0,0,0,0,0,0,0,0,0,0,0,0,0
323,Volstagg,Warriors Three,0.4576032477834606,0.2537369365927288,-0.11310599007378638,0,0,0,0,0,0,0,0,0,0,0,0,0,0,0,0,0,0,0,0,0,0,0,0,0,0,0,0,1,1,1,1
324,Vulture,Unnafiliated,-0.17069327496684633,-0.3780868326473046,-0.38189727396953366,1,0,0,0,0,0,0,0,0,0,0,0,0,0,0,0,0,0,0,0,0,0,0,0,0,1,0,0,0,0,0,0
325,W’Kabi,Unnafiliated,-0.61947650550278,-0.7221656860009249,-0.38189727396953366,0,0,0,0,0,0,0,1,0,0,0,0,0,0,0,0,0,0,0,0,0,0,0,0,0,0,0,0,0,0,0,0
326,Wanda Maximoff,Avengers,-0.5297198593955933,-0.4879320769764891,-0.38189727396953366,1,0,0,0,0,0,0,0,0,0,0,0,0,0,0,1,0,0,0,0,0,0,0,0,0,0,0,0,0,0,0,0
327,War Machine,Avengers,2.342492816034382,0.8675274549917549,1.658594386097696,0,0,0,0,1,1,1,0,0,0,1,0,0,1,0,0,0,0,0,1,1,1,0,0,0,0,0,0,0,0,0,0
328,Wasp,Unnafiliated,1.5945207651411593,0.6677617602040662,1.7165569696557503,0,1,1,1,0,1,0,0,0,0,0,0,0,0,0,0,0,0,0,0,0,0,0,0,0,0,0,0,0,0,0,0
329,William Ginter Riva,Unnafiliated,-0.32028768514549094,-0.4297234859644425,-0.3520893459369484,0,0,0,0,0,0,0,0,0,0,0,0,0,0,0,0,0,0,0,1,0,0,0,0,1,0,0,0,0,0,0,0
330,Winter Soldier,Unnafiliated,2.40233058010584,0.8843137365089884,2.439441547272469,1,1,0,0,0,1,1,1,0,0,1,1,1,0,0,0,0,0,0,0,0,0,0,0,0,0,0,0,0,0,0,0
331,Wolfgang von Strucker,Unnafiliated,-0.5895576234670511,-0.29283293744645833,-0.38189727396953366,0,0,0,0,0,0,0,0,0,0,0,0,1,0,0,0,0,0,0,0,0,0,0,0,0,0,0,0,0,0,0,0
332,Wong,Unnafiliated,2.6716005184274003,0.9614287034031515,5.064029502578352,0,0,0,0,0,1,1,0,0,0,0,0,0,0,1,1,0,0,0,0,0,0,0,1,0,0,1,0,0,0,0,0
333,Wu,Unnafiliated,-0.7092331516099668,-0.5401190896079785,-0.38189727396953366,0,0,0,0,0,0,0,0,0,0,0,0,0,0,0,0,0,0,0,0,0,1,0,0,0,0,0,0,0,0,0,0
334,Xoliswa,Dora Milaje,-0.61947650550278,-0.7221656860009249,-0.38189727396953366,0,0,0,0,0,0,0,1,0,0,0,0,0,0,0,0,0,0,0,0,0,0,0,0,0,0,0,0,0,0,0,0
335,Xu Wenwu,Unnafiliated,-0.6793142695742378,-0.49200894327305256,-0.38189727396953366,1,0,0,0,0,0,0,0,0,0,0,0,0,0,0,0,0,0,0,0,0,0,0,1,0,0,0,0,0,0,0,0
336,Xu Xialing,Unnafiliated,-0.6793142695742378,-0.49200894327305256,-0.38189727396953366,0,0,0,0,0,0,0,0,0,0,0,0,0,0,0,0,0,0,0,0,0,0,0,1,0,0,0,0,0,0,0,0
337,Yakan,Unnafiliated,-0.2305310390383042,-0.5558297727186214,-0.38189727396953366,0,0,0,0,0,0,0,0,0,0,0,0,0,0,0,0,0,0,0,0,0,0,0,0,0,0,0,0,0,1,0,0
338,Yama,Unnafiliated,0.5174410118549184,0.37594509161950806,-0.05809218171463925,0,0,0,0,0,0,1,1,0,0,0,0,0,0,0,0,0,0,0,0,0,0,0,0,0,0,0,0,0,0,0,0
339,Yellowjacket,Unnafiliated,-0.6793142695742378,-0.39548313831029763,-0.38189727396953366,1,1,0,0,0,0,0,0,0,0,0,0,0,0,0,0,0,0,0,0,0,0,0,0,0,0,0,0,0,0,0,0
340,Ying Li,Unnafiliated,-0.6793142695742378,-0.49200894327305256,-0.38189727396953366,0,0,0,0,0,0,0,0,0,0,0,0,0,0,0,0,0,0,0,0,0,0,0,1,0,0,0,0,0,0,0,0
341,Ying Nan,Unnafiliated,-0.6793142695742378,-0.49200894327305256,-0.38189727396953366,0,0,0,0,0,0,0,0,0,0,0,0,0,0,0,0,0,0,0,0,0,0,0,1,0,0,0,0,0,0,0,0
342,Yon-Rogg,Starforce,-0.6493953875385089,-0.24140157386664593,-0.38189727396953366,1,0,0,0,0,0,0,0,0,0,0,0,0,1,0,0,0,0,0,0,0,0,0,0,0,0,0,0,0,0,0,0
343,Yondu Udonta,Guardians of the Galaxy,-0.08093662885965967,-0.6283259987226651,-0.34259969029864207,0,0,0,0,0,0,0,0,0,0,0,0,0,0,0,0,0,1,1,0,0,0,0,0,0,0,0,0,0,0,0,0
344,Zeus,Unnafiliated,-0.2305310390383042,-0.5558297727186214,-0.38189727396953366,0,0,0,0,0,0,0,0,0,0,0,0,0,0,0,0,0,0,0,0,0,0,0,0,0,0,0,0,0,1,0,0
345,Zuri,Unnafiliated,-0.61947650550278,-0.7221656860009249,-0.38189727396953366,0,0,0,0,0,0,0,1,0,0,0,0,0,0,0,0,0,0,0,0,0,0,0,0,0,0,0,0,0,0,0,0
